Workbook

Sheet Product Lookup
A1: Product ID | B1: Product Name
A2: 107 | B2: appliance q
A3: 102 | B3: =_xlfn.XLOOKUP(A3,'Product Master Table'!A2:A9,'Product Master Table'!B2:B9) -> widget B

Sheet Orders Data
A1: Order ID | B1: Product ID | C1: Quantity | D1: product name | E1: category | F1: price | G1: total amount
A2: 1001 | B2: 101 | C2: 5 | D2: {=_xlfn.XLOOKUP(B2,'Product Master Table'!A2:A9,'Product Master Table'!B2:D9)} -> widget A | E2: electronics | F2: 25 | G2: =C2*F2 -> 125
A3: 1004 | B3: 102 | C3: 2 | D3: {=_xlfn.XLOOKUP(B3,'Product Master Table'!A3:A10,'Product Master Table'!B3:D10)} -> widget B | E3: electronics | F3: 35 | G3: =C3*F3 -> 70
A4: 1002 | B4: 103 | C4: 3 | D4: {=_xlfn.XLOOKUP(B4,'Product Master Table'!A4:A11,'Product Master Table'!B4:D11)} -> gadget X | E4: home goods | F4: 45 | G4: =C4*F4 -> 135
A5: 1006 | B5: 104 | C5: 6 | D5: {=_xlfn.XLOOKUP(B5,'Product Master Table'!A5:A12,'Product Master Table'!B5:D12)} -> gadget Y | E5: home goods | F5: 55 | G5: =C5*F5 -> 330
A6: 1005 | B6: 105 | C6: 4 | D6: {=_xlfn.XLOOKUP(B6,'Product Master Table'!A6:A13,'Product Master Table'!B6:D13)} -> tool Z | E6: tools | F6: 20 | G6: =C6*F6 -> 80
A7: 1008 | B7: 106 | C7: 3 | D7: {=_xlfn.XLOOKUP(B7,'Product Master Table'!A7:A14,'Product Master Table'!B7:D14)} -> tool W | E7: tools | F7: 30 | G7: =C7*F7 -> 90
A8: 1003 | B8: 107 | C8: 1 | D8: {=_xlfn.XLOOKUP(B8,'Product Master Table'!A8:A15,'Product Master Table'!B8:D15)} -> appliance Q | E8: appliances | F8: 150 | G8: =C8*F8 -> 150
A9: 1007 | B9: 108 | C9: 2 | D9: {=_xlfn.XLOOKUP(B9,'Product Master Table'!A9:A16,'Product Master Table'!B9:D16)} -> appliance P | E9: appliances | F9: 200 | G9: =C9*F9 -> 400

Sheet Product Master Table
A1: Product ID | B1: Product Name | C1: Category | D1: Price ($) | E1: Stock Quantity | F1: sold quantity | G1: remaining stock | H1: total sales
A2: 101 | B2: widget A | C2: electronics | D2: 25 | E2: 50 | F2: =_xlfn.XLOOKUP(A2,'Orders Data'!B2:B9,'Orders Data'!C2:C9) -> 5 | G2: =E2-F2 -> 45 | H2: =D2*F2 -> 125
A3: 102 | B3: widget B | C3: electronics | D3: 35 | E3: 30 | F3: =_xlfn.XLOOKUP(A3,'Orders Data'!B3:B10,'Orders Data'!C3:C10) -> 2 | G3: =E3-F3 -> 28 | H3: =D3*F3 -> 70
A4: 103 | B4: gadget X | C4: home goods | D4: 45 | E4: 20 | F4: =_xlfn.XLOOKUP(A4,'Orders Data'!B4:B11,'Orders Data'!C4:C11) -> 3 | G4: =E4-F4 -> 17 | H4: =D4*F4 -> 135
A5: 104 | B5: gadget Y | C5: home goods | D5: 55 | E5: 15 | F5: =_xlfn.XLOOKUP(A5,'Orders Data'!B5:B12,'Orders Data'!C5:C12) -> 6 | G5: =E5-F5 -> 9 | H5: =D5*F5 -> 330
A6: 105 | B6: tool Z | C6: tools | D6: 20 | E6: 40 | F6: =_xlfn.XLOOKUP(A6,'Orders Data'!B6:B13,'Orders Data'!C6:C13) -> 4 | G6: =E6-F6 -> 36 | H6: =D6*F6 -> 80
A7: 106 | B7: tool W | C7: tools | D7: 30 | E7: 25 | F7: =_xlfn.XLOOKUP(A7,'Orders Data'!B7:B14,'Orders Data'!C7:C14) -> 3 | G7: =E7-F7 -> 22 | H7: =D7*F7 -> 90
A8: 107 | B8: appliance Q | C8: appliances | D8: 150 | E8: 10 | F8: =_xlfn.XLOOKUP(A8,'Orders Data'!B8:B15,'Orders Data'!C8:C15) -> 1 | G8: =E8-F8 -> 9 | H8: =D8*F8 -> 150
A9: 108 | B9: appliance P | C9: appliances | D9: 200 | E9: 5 | F9: =_xlfn.XLOOKUP(A9,'Orders Data'!B9:B16,'Orders Data'!C9:C16) -> 2 | G9: =E9-F9 -> 3 | H9: =D9*F9 -> 400
