Workbook

Sheet Sheet 1  Products
A1: Product ID | B1: Product Name | C1: Category | D1: Price | E1: Stock
A2: P101 | B2: Laptop | C2: Electronics | D2: 800 | E2: 50
A3: P102 | B3: Phone | C3: Electronics | D3: 500 | E3: 120
A4: P103 | B4: Tablet | C4: Electronics | D4: 300 | E4: 75
A5: P104 | B5: Chair | C5: Furniture | D5: 150 | E5: 200
A6: P105 | B6: Desk | C6: Furniture | D6: 250 | E6: 150

Sheet Sheet 2  Sales
A1: Sale ID | B1: Product ID | C1: Quantity | D1: Region | E1: price(vlookup) | F1: price position(match) | G1: price(index) | H1: total sales | I1: price(xlookup)
A2: S001 | B2: P101 | C2: 2 | D2: East | E2: =VLOOKUP('Sheet 2 Sales'!B2,'Sheet 1 Products'!$A$2:$E$6,4,FALSE) -> 800 | F2: =MATCH(B2,'Sheet 1 Products'!$A$2:$A$6,0) -> 1 | G2: {=INDEX('Sheet 1 Products'!$A$2:$E$6,'Sheet 2 Sales'!F2,4)} -> 800 | H2: =C2*E2 -> 1600 | I2: =_xlfn.XLOOKUP(B2,'Sheet 1 Products'!$A$2:$A$6,'Sheet 1 Products'!$D$2:$D$6) -> 800
A3: S002 | B3: P102 | C3: 5 | D3: West | E3: =VLOOKUP('Sheet 2 Sales'!B3,'Sheet 1 Products'!$A$2:$E$6,4,FALSE) -> 500 | F3: =MATCH(B3,'Sheet 1 Products'!$A$2:$A$6,0) -> 2 | G3: {=INDEX('Sheet 1 Products'!$A$2:$E$6,'Sheet 2 Sales'!F3,4)} -> 500 | H3: =C3*E3 -> 2500 | I3: =_xlfn.XLOOKUP(B3,'Sheet 1 Products'!$A$2:$A$6,'Sheet 1 Products'!$D$2:$D$6) -> 500
A4: S003 | B4: P104 | C4: 10 | D4: North | E4: =VLOOKUP('Sheet 2 Sales'!B4,'Sheet 1 Products'!$A$2:$E$6,4,FALSE) -> 150 | F4: =MATCH(B4,'Sheet 1 Products'!$A$2:$A$6,0) -> 4 | G4: {=INDEX('Sheet 1 Products'!$A$2:$E$6,'Sheet 2 Sales'!F4,4)} -> 150 | H4: =C4*E4 -> 1500 | I4: =_xlfn.XLOOKUP(B4,'Sheet 1 Products'!$A$2:$A$6,'Sheet 1 Products'!$D$2:$D$6) -> 150
A5: S004 | B5: P101 | C5: 1 | D5: South | E5: =VLOOKUP('Sheet 2 Sales'!B5,'Sheet 1 Products'!$A$2:$E$6,4,FALSE) -> 800 | F5: =MATCH(B5,'Sheet 1 Products'!$A$2:$A$6,0) -> 1 | G5: {=INDEX('Sheet 1 Products'!$A$2:$E$6,'Sheet 2 Sales'!F5,4)} -> 800 | H5: =C5*E5 -> 800 | I5: =_xlfn.XLOOKUP(B5,'Sheet 1 Products'!$A$2:$A$6,'Sheet 1 Products'!$D$2:$D$6) -> 800
A6: S005 | B6: P105 | C6: 3 | D6: East | E6: =VLOOKUP('Sheet 2 Sales'!B6,'Sheet 1 Products'!$A$2:$E$6,4,FALSE) -> 250 | F6: =MATCH(B6,'Sheet 1 Products'!$A$2:$A$6,0) -> 5 | G6: {=INDEX('Sheet 1 Products'!$A$2:$E$6,'Sheet 2 Sales'!F6,4)} -> 250 | H6: =C6*E6 -> 750 | I6: =_xlfn.XLOOKUP(B6,'Sheet 1 Products'!$A$2:$A$6,'Sheet 1 Products'!$D$2:$D$6) -> 250
A9: Product ID | B9: P101 | C9: P102 | D9: P104 | E9: P101 | F9: P105
A10: Price | B10: 800 | C10: 500 | D10: 300 | E10: 150 | F10: 250
A12: Product ID | B12: price(hlookup)
A13: P101 | B13: =HLOOKUP(A13,$B$9:$F$10,2,FALSE) -> 800
A14: P102 | B14: =HLOOKUP(A14,$B$9:$F$10,2,FALSE) -> 500
A15: P104 | B15: =HLOOKUP(A15,$B$9:$F$10,2,FALSE) -> 300
A16: P101 | B16: =HLOOKUP(A16,$B$9:$F$10,2,FALSE) -> 800
A17: P105 | B17: =HLOOKUP(A17,$B$9:$F$10,2,FALSE) -> 250
A19: summary table
A20: Product ID | B20: sales total | C20: region | D20: sales count
A21: P101 | B21: =SUMIF($A$13:A17,A21,$B$13:$B$18) -> 1600 | C21: East | D21: =COUNTIF($A$13:$A$17,A21) -> 2
A22: P102 | B22: =SUMIF($A$13:A18,A22,$B$13:$B$18) -> 500 | C22: West | D22: =COUNTIF($A$13:$A$17,A22) -> 1
