Workbook

Sheet SHEET 1  Employee_Data
A1: Emp ID | B1: Name | C1: Dept Code | D1: Basic | E1: Sales | F1: Start Date | G1: End Date | H1: Working Days | I1: Present Days | J1: Rating | K1: total salary | L1: Bonus Amount | M1: final salary | N1: total payout | O1: Absent Days | P1: Attendance % | Q1: working days | R1: rank | S1: Performance Status | T1: sales performance | U1: rating and sales | V1: department name(vlookup) | W1: department name(xlookup) | X1: Bonus % | Y1: UPPER | Z1: LOWER | AA1: proper | AB1: left | AC1: mid | AD1: right | AE1: substitute | AF1: trim | AG1: Join Emp ID & Name(concat) | AH1: Join Emp ID & Name(&) | AI1: textjoin | AJ1: len | AK1: today | AL1: now | AM1: day | AN1: month | AO1: year | AP1: total days | AQ1: rand | AR1: randbetween
A2: E101 | B2: Rahul Sharma | C2: D01 | D2: 25000 | E2: 80000 | F2: 46023 | G2: 46053 | H2: 26 | I2: 24 | J2: 5 | K2: =SUM(D2,E2) -> 105000 | L2: =E2*VLOOKUP(C2,'SHEET 2 Department_Table'!$A$1:$C$5,3,FALSE) -> 8000 | M2: =SUM(D2,L2) -> 33000 | N2: =SUM(E2+M2) -> 113000 | O2: =H2-I2 -> 2 | P2: =I2/H2*100 -> 92.307692 | Q2: =NETWORKDAYS(F2,G2) -> 22 | R2: =RANK(E2,$E$2:$E$11,0) -> 3 | S2: =IF(J2>=4,"Excellent","Average") -> Excellent | T2: =IF(E2>80000,IF(J2>=4,"Star Performer")) -> FALSE | U2: =IF(OR(J2=5,E2>90000),"Top Talent") -> Top Talent | V2: =VLOOKUP(C2,'SHEET 2 Department_Table'!$A$1:$C$5,2,FALSE) -> Sales | W2: =_xlfn.XLOOKUP(C2,'SHEET 2 Department_Table'!$A$1:$A$5,'SHEET 2 Department_Table'!$B$1:$B$5,,0) -> Sales | X2: =100*HLOOKUP(C2,'SHEET 3 Horizontal_Bonus_Table'!$A$1:$E$2,2,FALSE) -> 10 | Y2: =UPPER(B2) -> RAHUL SHARMA | Z2: =LOWER(B2) -> rahul sharma | AA2: =PROPER(B2) -> Rahul Sharma | AB2: =LEFT(B2,3) -> Rah | AC2: =MID(B2,4,3) -> ul | AD2: =RIGHT(B2,2) -> ma | AE2: =SUBSTITUTE(B2,"a","@") -> R@hul Sh@rm@ | AF2: =TRIM(B2) -> Rahul Sharma | AG2: =_xlfn.CONCAT(A2," ",B2) -> E101 Rahul Sharma | AH2: =A2&" "&B2 -> E101 Rahul Sharma | AI2: =_xlfn.TEXTJOIN("~",TRUE,A2:AH2) -> E101~Rahul Sharma~D01~25000~80000~46023~46053~26~24~5~105000~8000~33000~113000~2~92.3076923076923~22~3~Excellent~FALSE~Top Talent~Sales~Sales~10~RAHUL SHARMA~rahul sharma~Rahul Sharma~Rah~ul ~ma~R@hul Sh@rm@~Rahul Sharma~E101 Rahul Sharma~E101 Rahul Sharma | AJ2: =LEN(B2) -> 12 | AK2: =TODAY() -> 46077 | AL2: =NOW() -> 46077.813 | AM2: =DAY(F2) -> 1 | AN2: =MONTH(F2) -> 1 | AO2: =YEAR(F2) -> 2026 | AP2: =_xlfn.DAYS(G2,F2) + 1 -> 31 | AQ2: =RAND() -> 0.86974244 | AR2: =RANDBETWEEN(1,100) -> 14
A3: E102 | B3: Priya Verma | C3: D02 | D3: 22000 | E3: 60000 | F3: 46023 | G3: 46053 | H3: 26 | I3: 22 | J3: 4 | K3: =SUM(D3,E3) -> 82000 | L3: =E3*VLOOKUP(C3,'SHEET 2 Department_Table'!$A$1:$C$5,3,FALSE) -> 4800 | M3: =SUM(D3,L3) -> 26800 | N3: =SUM(E3+M3) -> 86800 | O3: =H3-I3 -> 4 | P3: =I3/H3*100 -> 84.615385 | Q3: =NETWORKDAYS(F3,G3) -> 22 | R3: =RANK(E3,$E$2:$E$11,0) -> 5 | S3: =IF(J3>=4,"Excellent","Average") -> Excellent | T3: =IF(E3>80000,IF(J3>=4,"Star Performer")) -> FALSE | U3: =IF(OR(J3=5,E3>90000),"Top Talent") -> FALSE | V3: =VLOOKUP(C3,'SHEET 2 Department_Table'!$A$1:$C$5,2,FALSE) -> Marketing | W3: =_xlfn.XLOOKUP(C3,'SHEET 2 Department_Table'!$A$1:$A$5,'SHEET 2 Department_Table'!$B$1:$B$5,,0) -> Marketing | X3: =100*HLOOKUP(C3,'SHEET 3 Horizontal_Bonus_Table'!$A$1:$E$2,2,FALSE) -> 8 | Y3: =UPPER(B3) -> PRIYA VERMA | Z3: =LOWER(B3) -> priya verma | AA3: =PROPER(B3) -> Priya Verma | AB3: =LEFT(B3,3) -> Pri | AC3: =MID(B3,4,3) -> ya | AD3: =RIGHT(B3,2) -> ma | AE3: =SUBSTITUTE(B3,"a","@") -> Priy@ Verm@ | AF3: =TRIM(B3) -> Priya Verma | AG3: =_xlfn.CONCAT(A3," ",B3) -> E102 Priya Verma | AH3: =A3&" "&B3 -> E102 Priya Verma | AI3: =_xlfn.TEXTJOIN("~",TRUE,A3:AH3) -> E102~Priya Verma~D02~22000~60000~46023~46053~26~22~4~82000~4800~26800~86800~4~84.6153846153846~22~5~Excellent~FALSE~FALSE~Marketing~Marketing~8~PRIYA VERMA~priya verma~Priya Verma~Pri~ya ~ma~Priy@ Verm@~Priya Verma~E102 Priya Verma~E102 Priya Verma | AJ3: =LEN(B3) -> 11 | AK3: =TODAY() -> 46077 | AL3: =NOW() -> 46077.813 | AM3: =DAY(F3) -> 1 | AN3: =MONTH(F3) -> 1 | AO3: =YEAR(F3) -> 2026 | AP3: =_xlfn.DAYS(G3,F3) + 1 -> 31 | AQ3: =RAND() -> 0.66318468 | AR3: =RANDBETWEEN(1,100) -> 39
A4: E103 | B4: Amit Singh | C4: D01 | D4: 27000 | E4: 95000 | F4: 46023 | G4: 46053 | H4: 26 | I4: 25 | J4: 5 | K4: =SUM(D4,E4) -> 122000 | L4: =E4*VLOOKUP(C4,'SHEET 2 Department_Table'!$A$1:$C$5,3,FALSE) -> 9500 | M4: =SUM(D4,L4) -> 36500 | N4: =SUM(E4+M4) -> 131500 | O4: =H4-I4 -> 1 | P4: =I4/H4*100 -> 96.153846 | Q4: =NETWORKDAYS(F4,G4) -> 22 | R4: =RANK(E4,$E$2:$E$11,0) -> 1 | S4: =IF(J4>=4,"Excellent","Average") -> Excellent | T4: =IF(E4>80000,IF(J4>=4,"Star Performer")) -> Star Performer | U4: =IF(OR(J4=5,E4>90000),"Top Talent") -> Top Talent | V4: =VLOOKUP(C4,'SHEET 2 Department_Table'!$A$1:$C$5,2,FALSE) -> Sales | W4: =_xlfn.XLOOKUP(C4,'SHEET 2 Department_Table'!$A$1:$A$5,'SHEET 2 Department_Table'!$B$1:$B$5,,0) -> Sales | X4: =100*HLOOKUP(C4,'SHEET 3 Horizontal_Bonus_Table'!$A$1:$E$2,2,FALSE) -> 10 | Y4: =UPPER(B4) -> AMIT SINGH | Z4: =LOWER(B4) -> amit singh | AA4: =PROPER(B4) -> Amit Singh | AB4: =LEFT(B4,3) -> Ami | AC4: =MID(B4,4,3) -> t S | AD4: =RIGHT(B4,2) -> gh | AE4: =SUBSTITUTE(B4,"a","@") -> Amit Singh | AF4: =TRIM(B4) -> Amit Singh | AG4: =_xlfn.CONCAT(A4," ",B4) -> E103 Amit Singh | AH4: =A4&" "&B4 -> E103 Amit Singh | AI4: =_xlfn.TEXTJOIN("~",TRUE,A4:AH4) -> E103~Amit Singh~D01~27000~95000~46023~46053~26~25~5~122000~9500~36500~131500~1~96.1538461538462~22~1~Excellent~Star Performer~Top Talent~Sales~Sales~10~AMIT SINGH~amit singh~Amit Singh~Ami~t S~gh~Amit Singh~Amit Singh~E103 Amit Singh~E103 Amit Singh | AJ4: =LEN(B4) -> 10 | AK4: =TODAY() -> 46077 | AL4: =NOW() -> 46077.813 | AM4: =DAY(F4) -> 1 | AN4: =MONTH(F4) -> 1 | AO4: =YEAR(F4) -> 2026 | AP4: =_xlfn.DAYS(G4,F4) + 1 -> 31 | AQ4: =RAND() -> 0.32841429 | AR4: =RANDBETWEEN(1,100) -> 96
A5: E104 | B5: Neha Gupta | C5: D03 | D5: 20000 | E5: 40000 | F5: 46023 | G5: 46053 | H5: 26 | I5: 20 | J5: 3 | K5: =SUM(D5,E5) -> 60000 | L5: =E5*VLOOKUP(C5,'SHEET 2 Department_Table'!$A$1:$C$5,3,FALSE) -> 2000 | M5: =SUM(D5,L5) -> 22000 | N5: =SUM(E5+M5) -> 62000 | O5: =H5-I5 -> 6 | P5: =I5/H5*100 -> 76.923077 | Q5: =NETWORKDAYS(F5,G5) -> 22 | R5: =RANK(E5,$E$2:$E$11,0) -> 8 | S5: =IF(J5>=4,"Excellent","Average") -> Average | T5: =IF(E5>80000,IF(J5>=4,"Star Performer")) -> FALSE | U5: =IF(OR(J5=5,E5>90000),"Top Talent") -> FALSE | V5: =VLOOKUP(C5,'SHEET 2 Department_Table'!$A$1:$C$5,2,FALSE) -> HR | W5: =_xlfn.XLOOKUP(C5,'SHEET 2 Department_Table'!$A$1:$A$5,'SHEET 2 Department_Table'!$B$1:$B$5,,0) -> HR | X5: =100*HLOOKUP(C5,'SHEET 3 Horizontal_Bonus_Table'!$A$1:$E$2,2,FALSE) -> 5 | Y5: =UPPER(B5) -> NEHA GUPTA | Z5: =LOWER(B5) -> neha gupta | AA5: =PROPER(B5) -> Neha Gupta | AB5: =LEFT(B5,3) -> Neh | AC5: =MID(B5,4,3) -> a G | AD5: =RIGHT(B5,2) -> ta | AE5: =SUBSTITUTE(B5,"a","@") -> Neh@ Gupt@ | AF5: =TRIM(B5) -> Neha Gupta | AG5: =_xlfn.CONCAT(A5," ",B5) -> E104 Neha Gupta | AH5: =A5&" "&B5 -> E104 Neha Gupta | AI5: =_xlfn.TEXTJOIN("~",TRUE,A5:AH5) -> E104~Neha Gupta~D03~20000~40000~46023~46053~26~20~3~60000~2000~22000~62000~6~76.9230769230769~22~8~Average~FALSE~FALSE~HR~HR~5~NEHA GUPTA~neha gupta~Neha Gupta~Neh~a G~ta~Neh@ Gupt@~Neha Gupta~E104 Neha Gupta~E104 Neha Gupta | AJ5: =LEN(B5) -> 10 | AK5: =TODAY() -> 46077 | AL5: =NOW() -> 46077.813 | AM5: =DAY(F5) -> 1 | AN5: =MONTH(F5) -> 1 | AO5: =YEAR(F5) -> 2026 | AP5: =_xlfn.DAYS(G5,F5) + 1 -> 31 | AQ5: =RAND() -> 0.47077415 | AR5: =RANDBETWEEN(1,100) -> 76
A6: E105 | B6: Vikram Patel | C6: D02 | D6: 30000 | E6: 70000 | F6: 46023 | G6: 46053 | H6: 26 | I6: 23 | J6: 4 | K6: =SUM(D6,E6) -> 100000 | L6: =E6*VLOOKUP(C6,'SHEET 2 Department_Table'!$A$1:$C$5,3,FALSE) -> 5600 | M6: =SUM(D6,L6) -> 35600 | N6: =SUM(E6+M6) -> 105600 | O6: =H6-I6 -> 3 | P6: =I6/H6*100 -> 88.461538 | Q6: =NETWORKDAYS(F6,G6) -> 22 | R6: =RANK(E6,$E$2:$E$11,0) -> 4 | S6: =IF(J6>=4,"Excellent","Average") -> Excellent | T6: =IF(E6>80000,IF(J6>=4,"Star Performer")) -> FALSE | U6: =IF(OR(J6=5,E6>90000),"Top Talent") -> FALSE | V6: =VLOOKUP(C6,'SHEET 2 Department_Table'!$A$1:$C$5,2,FALSE) -> Marketing | W6: =_xlfn.XLOOKUP(C6,'SHEET 2 Department_Table'!$A$1:$A$5,'SHEET 2 Department_Table'!$B$1:$B$5,,0) -> Marketing | X6: =100*HLOOKUP(C6,'SHEET 3 Horizontal_Bonus_Table'!$A$1:$E$2,2,FALSE) -> 8 | Y6: =UPPER(B6) -> VIKRAM PATEL | Z6: =LOWER(B6) -> vikram patel | AA6: =PROPER(B6) -> Vikram Patel | AB6: =LEFT(B6,3) -> Vik | AC6: =MID(B6,4,3) -> ram | AD6: =RIGHT(B6,2) -> el | AE6: =SUBSTITUTE(B6,"a","@") -> Vikr@m P@tel | AF6: =TRIM(B6) -> Vikram Patel | AG6: =_xlfn.CONCAT(A6," ",B6) -> E105 Vikram Patel | AH6: =A6&" "&B6 -> E105 Vikram Patel | AI6: =_xlfn.TEXTJOIN("~",TRUE,A6:AH6) -> E105~Vikram Patel~D02~30000~70000~46023~46053~26~23~4~100000~5600~35600~105600~3~88.4615384615385~22~4~Excellent~FALSE~FALSE~Marketing~Marketing~8~VIKRAM PATEL~vikram patel~Vikram Patel~Vik~ram~el~Vikr@m P@tel~Vikram Patel~E105 Vikram Patel~E105 Vikram Patel | AJ6: =LEN(B6) -> 12 | AK6: =TODAY() -> 46077 | AL6: =NOW() -> 46077.813 | AM6: =DAY(F6) -> 1 | AN6: =MONTH(F6) -> 1 | AO6: =YEAR(F6) -> 2026 | AP6: =_xlfn.DAYS(G6,F6) + 1 -> 31 | AQ6: =RAND() -> 0.85343552 | AR6: =RANDBETWEEN(1,100) -> 90
A7: E106 | B7: Anjali Mehta | C7: D04 | D7: 28000 | E7: 30000 | F7: 46023 | G7: 46053 | H7: 26 | I7: 21 | J7: 2 | K7: =SUM(D7,E7) -> 58000 | L7: =E7*VLOOKUP(C7,'SHEET 2 Department_Table'!$A$1:$C$5,3,FALSE) -> 2100 | M7: =SUM(D7,L7) -> 30100 | N7: =SUM(E7+M7) -> 60100 | O7: =H7-I7 -> 5 | P7: =I7/H7*100 -> 80.769231 | Q7: =NETWORKDAYS(F7,G7) -> 22 | R7: =RANK(E7,$E$2:$E$11,0) -> 10 | S7: =IF(J7>=4,"Excellent","Average") -> Average | T7: =IF(E7>80000,IF(J7>=4,"Star Performer")) -> FALSE | U7: =IF(OR(J7=5,E7>90000),"Top Talent") -> FALSE | V7: =VLOOKUP(C7,'SHEET 2 Department_Table'!$A$1:$C$5,2,FALSE) -> IT | W7: =_xlfn.XLOOKUP(C7,'SHEET 2 Department_Table'!$A$1:$A$5,'SHEET 2 Department_Table'!$B$1:$B$5,,0) -> IT | X7: =100*HLOOKUP(C7,'SHEET 3 Horizontal_Bonus_Table'!$A$1:$E$2,2,FALSE) -> 7 | Y7: =UPPER(B7) -> ANJALI MEHTA | Z7: =LOWER(B7) -> anjali mehta | AA7: =PROPER(B7) -> Anjali Mehta | AB7: =LEFT(B7,3) -> Anj | AC7: =MID(B7,4,3) -> ali | AD7: =RIGHT(B7,2) -> ta | AE7: =SUBSTITUTE(B7,"a","@") -> Anj@li Meht@ | AF7: =TRIM(B7) -> Anjali Mehta | AG7: =_xlfn.CONCAT(A7," ",B7) -> E106 Anjali Mehta | AH7: =A7&" "&B7 -> E106 Anjali Mehta | AI7: =_xlfn.TEXTJOIN("~",TRUE,A7:AH7) -> E106~Anjali Mehta~D04~28000~30000~46023~46053~26~21~2~58000~2100~30100~60100~5~80.7692307692308~22~10~Average~FALSE~FALSE~IT~IT~7~ANJALI MEHTA~anjali mehta~Anjali Mehta~Anj~ali~ta~Anj@li Meht@~Anjali Mehta~E106 Anjali Mehta~E106 Anjali Mehta | AJ7: =LEN(B7) -> 12 | AK7: =TODAY() -> 46077 | AL7: =NOW() -> 46077.813 | AM7: =DAY(F7) -> 1 | AN7: =MONTH(F7) -> 1 | AO7: =YEAR(F7) -> 2026 | AP7: =_xlfn.DAYS(G7,F7) + 1 -> 31 | AQ7: =RAND() -> 0.081261256 | AR7: =RANDBETWEEN(1,100) -> 97
A8: E107 | B8: Suresh Kumar | C8: D01 | D8: 26000 | E8: 88000 | F8: 46023 | G8: 46053 | H8: 26 | I8: 24 | J8: 5 | K8: =SUM(D8,E8) -> 114000 | L8: =E8*VLOOKUP(C8,'SHEET 2 Department_Table'!$A$1:$C$5,3,FALSE) -> 8800 | M8: =SUM(D8,L8) -> 34800 | N8: =SUM(E8+M8) -> 122800 | O8: =H8-I8 -> 2 | P8: =I8/H8*100 -> 92.307692 | Q8: =NETWORKDAYS(F8,G8) -> 22 | R8: =RANK(E8,$E$2:$E$11,0) -> 2 | S8: =IF(J8>=4,"Excellent","Average") -> Excellent | T8: =IF(E8>80000,IF(J8>=4,"Star Performer")) -> Star Performer | U8: =IF(OR(J8=5,E8>90000),"Top Talent") -> Top Talent | V8: =VLOOKUP(C8,'SHEET 2 Department_Table'!$A$1:$C$5,2,FALSE) -> Sales | W8: =_xlfn.XLOOKUP(C8,'SHEET 2 Department_Table'!$A$1:$A$5,'SHEET 2 Department_Table'!$B$1:$B$5,,0) -> Sales | X8: =100*HLOOKUP(C8,'SHEET 3 Horizontal_Bonus_Table'!$A$1:$E$2,2,FALSE) -> 10 | Y8: =UPPER(B8) -> SURESH KUMAR | Z8: =LOWER(B8) -> suresh kumar | AA8: =PROPER(B8) -> Suresh Kumar | AB8: =LEFT(B8,3) -> Sur | AC8: =MID(B8,4,3) -> esh | AD8: =RIGHT(B8,2) -> ar | AE8: =SUBSTITUTE(B8,"a","@") -> Suresh Kum@r | AF8: =TRIM(B8) -> Suresh Kumar | AG8: =_xlfn.CONCAT(A8," ",B8) -> E107 Suresh Kumar | AH8: =A8&" "&B8 -> E107 Suresh Kumar | AI8: =_xlfn.TEXTJOIN("~",TRUE,A8:AH8) -> E107~Suresh Kumar~D01~26000~88000~46023~46053~26~24~5~114000~8800~34800~122800~2~92.3076923076923~22~2~Excellent~Star Performer~Top Talent~Sales~Sales~10~SURESH KUMAR~suresh kumar~Suresh Kumar~Sur~esh~ar~Suresh Kum@r~Suresh Kumar~E107 Suresh Kumar~E107 Suresh Kumar | AJ8: =LEN(B8) -> 12 | AK8: =TODAY() -> 46077 | AL8: =NOW() -> 46077.813 | AM8: =DAY(F8) -> 1 | AN8: =MONTH(F8) -> 1 | AO8: =YEAR(F8) -> 2026 | AP8: =_xlfn.DAYS(G8,F8) + 1 -> 31 | AQ8: =RAND() -> 0.18323006 | AR8: =RANDBETWEEN(1,100) -> 28
A9: E108 | B9: Kavita Joshi | C9: D03 | D9: 21000 | E9: 45000 | F9: 46023 | G9: 46053 | H9: 26 | I9: 22 | J9: 3 | K9: =SUM(D9,E9) -> 66000 | L9: =E9*VLOOKUP(C9,'SHEET 2 Department_Table'!$A$1:$C$5,3,FALSE) -> 2250 | M9: =SUM(D9,L9) -> 23250 | N9: =SUM(E9+M9) -> 68250 | O9: =H9-I9 -> 4 | P9: =I9/H9*100 -> 84.615385 | Q9: =NETWORKDAYS(F9,G9) -> 22 | R9: =RANK(E9,$E$2:$E$11,0) -> 7 | S9: =IF(J9>=4,"Excellent","Average") -> Average | T9: =IF(E9>80000,IF(J9>=4,"Star Performer")) -> FALSE | U9: =IF(OR(J9=5,E9>90000),"Top Talent") -> FALSE | V9: =VLOOKUP(C9,'SHEET 2 Department_Table'!$A$1:$C$5,2,FALSE) -> HR | W9: =_xlfn.XLOOKUP(C9,'SHEET 2 Department_Table'!$A$1:$A$5,'SHEET 2 Department_Table'!$B$1:$B$5,,0) -> HR | X9: =100*HLOOKUP(C9,'SHEET 3 Horizontal_Bonus_Table'!$A$1:$E$2,2,FALSE) -> 5 | Y9: =UPPER(B9) -> KAVITA JOSHI | Z9: =LOWER(B9) -> kavita joshi | AA9: =PROPER(B9) -> Kavita Joshi | AB9: =LEFT(B9,3) -> Kav | AC9: =MID(B9,4,3) -> ita | AD9: =RIGHT(B9,2) -> hi | AE9: =SUBSTITUTE(B9,"a","@") -> K@vit@ Joshi | AF9: =TRIM(B9) -> Kavita Joshi | AG9: =_xlfn.CONCAT(A9," ",B9) -> E108 Kavita Joshi | AH9: =A9&" "&B9 -> E108 Kavita Joshi | AI9: =_xlfn.TEXTJOIN("~",TRUE,A9:AH9) -> E108~Kavita Joshi~D03~21000~45000~46023~46053~26~22~3~66000~2250~23250~68250~4~84.6153846153846~22~7~Average~FALSE~FALSE~HR~HR~5~KAVITA JOSHI~kavita joshi~Kavita Joshi~Kav~ita~hi~K@vit@ Joshi~Kavita Joshi~E108 Kavita Joshi~E108 Kavita Joshi | AJ9: =LEN(B9) -> 12 | AK9: =TODAY() -> 46077 | AL9: =NOW() -> 46077.813 | AM9: =DAY(F9) -> 1 | AN9: =MONTH(F9) -> 1 | AO9: =YEAR(F9) -> 2026 | AP9: =_xlfn.DAYS(G9,F9) + 1 -> 31 | AQ9: =RAND() -> 0.59790159 | AR9: =RANDBETWEEN(1,100) -> 48
A10: E109 | B10: Mohit Agarwal | C10: D02 | D10: 24000 | E10: 52000 | F10: 46023 | G10: 46053 | H10: 26 | I10: 19 | J10: 2 | K10: =SUM(D10,E10) -> 76000 | L10: =E10*VLOOKUP(C10,'SHEET 2 Department_Table'!$A$1:$C$5,3,FALSE) -> 4160 | M10: =SUM(D10,L10) -> 28160 | N10: =SUM(E10+M10) -> 80160 | O10: =H10-I10 -> 7 | P10: =I10/H10*100 -> 73.076923 | Q10: =NETWORKDAYS(F10,G10) -> 22 | R10: =RANK(E10,$E$2:$E$11,0) -> 6 | S10: =IF(J10>=4,"Excellent","Average") -> Average | T10: =IF(E10>80000,IF(J10>=4,"Star Performer")) -> FALSE | U10: =IF(OR(J10=5,E10>90000),"Top Talent") -> FALSE | V10: =VLOOKUP(C10,'SHEET 2 Department_Table'!$A$1:$C$5,2,FALSE) -> Marketing | W10: =_xlfn.XLOOKUP(C10,'SHEET 2 Department_Table'!$A$1:$A$5,'SHEET 2 Department_Table'!$B$1:$B$5,,0) -> Marketing | X10: =100*HLOOKUP(C10,'SHEET 3 Horizontal_Bonus_Table'!$A$1:$E$2,2,FALSE) -> 8 | Y10: =UPPER(B10) -> MOHIT AGARWAL | Z10: =LOWER(B10) -> mohit agarwal | AA10: =PROPER(B10) -> Mohit Agarwal | AB10: =LEFT(B10,3) -> Moh | AC10: =MID(B10,4,3) -> it | AD10: =RIGHT(B10,2) -> al | AE10: =SUBSTITUTE(B10,"a","@") -> Mohit Ag@rw@l | AF10: =TRIM(B10) -> Mohit Agarwal | AG10: =_xlfn.CONCAT(A10," ",B10) -> E109 Mohit Agarwal | AH10: =A10&" "&B10 -> E109 Mohit Agarwal | AI10: =_xlfn.TEXTJOIN("~",TRUE,A10:AH10) -> E109~Mohit Agarwal~D02~24000~52000~46023~46053~26~19~2~76000~4160~28160~80160~7~73.0769230769231~22~6~Average~FALSE~FALSE~Marketing~Marketing~8~MOHIT AGARWAL~mohit agarwal~Mohit Agarwal~Moh~it ~al~Mohit Ag@rw@l~Mohit Agarwal~E109 Mohit Agarwal~E109 Mohit Agarwal | AJ10: =LEN(B10) -> 13 | AK10: =TODAY() -> 46077 | AL10: =NOW() -> 46077.813 | AM10: =DAY(F10) -> 1 | AN10: =MONTH(F10) -> 1 | AO10: =YEAR(F10) -> 2026 | AP10: =_xlfn.DAYS(G10,F10) + 1 -> 31 | AQ10: =RAND() -> 0.27395559 | AR10: =RANDBETWEEN(1,100) -> 28
A11: E110 | B11: Pooja Reddy | C11: D04 | D11: 23000 | E11: 35000 | F11: 46023 | G11: 46053 | H11: 26 | I11: 23 | J11: 4 | K11: =SUM(D11,E11) -> 58000 | L11: =E11*VLOOKUP(C11,'SHEET 2 Department_Table'!$A$1:$C$5,3,FALSE) -> 2450 | M11: =SUM(D11,L11) -> 25450 | N11: =SUM(E11+M11) -> 60450 | O11: =H11-I11 -> 3 | P11: =I11/H11*100 -> 88.461538 | Q11: =NETWORKDAYS(F11,G11) -> 22 | R11: =RANK(E11,$E$2:$E$11,0) -> 9 | S11: =IF(J11>=4,"Excellent","Average") -> Excellent | T11: =IF(E11>80000,IF(J11>=4,"Star Performer")) -> FALSE | U11: =IF(OR(J11=5,E11>90000),"Top Talent") -> FALSE | V11: =VLOOKUP(C11,'SHEET 2 Department_Table'!$A$1:$C$5,2,FALSE) -> IT | W11: =_xlfn.XLOOKUP(C11,'SHEET 2 Department_Table'!$A$1:$A$5,'SHEET 2 Department_Table'!$B$1:$B$5,,0) -> IT | X11: =100*HLOOKUP(C11,'SHEET 3 Horizontal_Bonus_Table'!$A$1:$E$2,2,FALSE) -> 7 | Y11: =UPPER(B11) -> POOJA REDDY | Z11: =LOWER(B11) -> pooja reddy | AA11: =PROPER(B11) -> Pooja Reddy | AB11: =LEFT(B11,3) -> Poo | AC11: =MID(B11,4,3) -> ja | AD11: =RIGHT(B11,2) -> dy | AE11: =SUBSTITUTE(B11,"a","@") -> Pooj@ Reddy | AF11: =TRIM(B11) -> Pooja Reddy | AG11: =_xlfn.CONCAT(A11," ",B11) -> E110 Pooja Reddy | AH11: =A11&" "&B11 -> E110 Pooja Reddy | AI11: =_xlfn.TEXTJOIN("~",TRUE,A11:AH11) -> E110~Pooja Reddy~D04~23000~35000~46023~46053~26~23~4~58000~2450~25450~60450~3~88.4615384615385~22~9~Excellent~FALSE~FALSE~IT~IT~7~POOJA REDDY~pooja reddy~Pooja Reddy~Poo~ja ~dy~Pooj@ Reddy~Pooja Reddy~E110 Pooja Reddy~E110 Pooja Reddy | AJ11: =LEN(B11) -> 11 | AK11: =TODAY() -> 46077 | AL11: =NOW() -> 46077.813 | AM11: =DAY(F11) -> 1 | AN11: =MONTH(F11) -> 1 | AO11: =YEAR(F11) -> 2026 | AP11: =_xlfn.DAYS(G11,F11) + 1 -> 31 | AQ11: =RAND() -> 0.6494322 | AR11: =RANDBETWEEN(1,100) -> 50
A14: average salary | B14: =AVERAGE(N2:N11) -> 89066
A15: Present Days > 22 | B15: =COUNTIF(I2:I11,">22") -> 5
A16: Highest Sales | B16: =MAX(E2:E11) -> 95000
A17: Lowest Sales | B17: =MIN(E2:E11) -> 30000
A18: Average Sales | B18: =AVERAGE(E2:E11) -> 59500
A19: Total Sales of D01 | B19: =SUMIF(C2:C11,C2,E2:E11) -> 263000
A20: Count employees in D02 | B20: =COUNTIF(C2:C11,C2) -> 3
A21: weighted score (Sales * Rating) | B21: =SUMPRODUCT(E2:E11,J2:J11) -> 2394000
A22: INDEX to fetch 5th employee name | B22: =INDEX(A1:J11,6,2) -> Vikram Patel
A23: MATCH to find position of "Amit Singh" | B23: =MATCH(B4,B1:B11,0) -> 4
A24: INDEX + MATCH to get Sales of "Neha Gupta" | B24: =INDEX(A1:J11,MATCH(A5,A1:A11,0),MATCH(E1,A1:J1,0)) -> 40000

Sheet SHEET 2  Department_Table
A1: Dept Code | B1: Department Name | C1: Bonus %
A2: D01 | B2: Sales | C2: 0.1
A3: D02 | B3: Marketing | C3: 0.08
A4: D03 | B4: HR | C4: 0.05
A5: D04 | B5: IT | C5: 0.07

Sheet SHEET 3  Horizontal_Bonus_Table
B1: D01 | C1: D02 | D1: D03 | E1: D04
A2: Bonus% | B2: 0.1 | C2: 0.08 | D2: 0.05 | E2: 0.07
