Workbook
Name Slicer_category: #N/A
Name Slicer_Month_Extraction: #N/A
Name Slicer_region: #N/A
Name Slicer_Salesman: #N/A

Sheet Pivot Table Analysis
A3: Sum of total sales | B3: Column Labels
A4: Row Labels | B4: Jan | C4: Feb | D4: Mar | E4: Grand Total
A5: South | B5: 400000 | C5: 245000 | D5: 100000 | E5: 745000
A6: Laptop | B6: 180000 | C6: 180000 | E6: 360000
A7: Mobile | B7: 220000 | C7: 65000 | E7: 285000
A8: Tablet | D8: 100000 | E8: 100000
A9: Grand Total | B9: 400000 | C9: 245000 | D9: 100000 | E9: 745000

Sheet Salesman Performance
A3: Row Labels | B3: Sum of total sales
A4: Sneha | B4: 320000
A5: Amit | B5: 245000
A6: Rahul | B6: 180000
A7: Grand Total | B7: 745000

Sheet Monthly Sales Trend
A3: Row Labels | B3: Sum of total sales
A4: Jan | B4: 400000
A5: Feb | B5: 245000
A6: Mar | B6: 100000
A7: Grand Total | B7: 745000

Sheet Category Sales
A3: Row Labels | B3: Sum of total sales
A4: Laptop | B4: 360000
A5: Mobile | B5: 285000
A6: Tablet | B6: 100000
A7: Grand Total | B7: 745000

Sheet Profit Flow
A3: Row Labels | B3: Sum of profit
A4: Jan | B4: 80000
A5: Feb | B5: 49000
A6: Mar | B6: 20000
A7: Grand Total | B7: 149000
A10: Row Labels | B10: Sum of profit
A11: Jan | B11: 320000
A12: Feb | B12: 193000
A13: Mar | B13: 121000
A14: Grand Total | B14: 634000

Sheet Dashboard
A1: KPI | B1: Value
A2: Total Sales | B2: =SUM(Table1[total sales]) -> 3170000
A3: Total Orders | B3: =COUNTA(Table1[Order_ID]) -> 25
A4: Average Order | B4: =AVERAGE(Table1[total sales]) -> 126800
A5: Top Salesman | B5: =INDEX('Salesman Performance'!$A$4:$A$6,MATCH(MAX('Salesman Performance'!B4:B6),'Salesman Performance'!$B$4:$B$6,0)) -> Sneha

Sheet Sales Data
A1: Order_ID | B1: region | C1: category | D1: Customer_ID | E1: Product | F1: Salesman | G1: Quantity | H1: Order_Date | I1: Status | J1: price | K1: total sales | L1: bonus | M1: Month Extraction | N1: profit
A2: ORD101 | B2: North | C2: Mobile | D2: C101 | E2: iPhone 13 | F2: Rahul | G2: 2 | H2: 45303 | I2: Delivered | J2: =_xlfn.XLOOKUP(E2,'Price List'!$A$1:$A$9,'Price List'!$B$1:$B$9,"no match",0) -> 70000 | K2: =G2*J2 -> 140000 | L2: =IF(AND(K2>100000,I2="Delivered"),"Bonus","No Bonus") -> Bonus | M2: =TEXT(H2,"MMM") -> Jan | N2: =Table1[[#This Row],[total sales]]*20% -> 28000
A3: ORD121 | B3: North | C3: Mobile | D3: C101 | E3: iPhone 13 | F3: Rahul | G3: 2 | H3: 45303 | I3: Delivered | J3: =_xlfn.XLOOKUP(E3,'Price List'!$A$1:$A$9,'Price List'!$B$1:$B$9,"no match",0) -> 70000 | K3: =G3*J3 -> 140000 | L3: =IF(AND(K3>100000,I3="Delivered"),"Bonus","No Bonus") -> Bonus | M3: =TEXT(H3,"MMM") -> Jan | N3: =Table1[[#This Row],[total sales]]*20% -> 28000
A4: ORD102 | B4: South | C4: Laptop | D4: C102 | E4: Dell XPS | F4: Amit | G4: 1 | H4: 45306 | I4: Delivered | J4: =_xlfn.XLOOKUP(E4,'Price List'!$A$1:$A$9,'Price List'!$B$1:$B$9,"no match",0) -> 90000 | K4: =G4*J4 -> 90000 | L4: =IF(AND(K4>100000,I4="Delivered"),"Bonus","No Bonus") -> No Bonus | M4: =TEXT(H4,"MMM") -> Jan | N4: =Table1[[#This Row],[total sales]]*20% -> 18000
A5: ORD122 | B5: South | C5: Laptop | D5: C102 | E5: Dell XPS | F5: Amit | G5: 1 | H5: 45306 | I5: Delivered | J5: =_xlfn.XLOOKUP(E5,'Price List'!$A$1:$A$9,'Price List'!$B$1:$B$9,"no match",0) -> 90000 | K5: =G5*J5 -> 90000 | L5: =IF(AND(K5>100000,I5="Delivered"),"Bonus","No Bonus") -> No Bonus | M5: =TEXT(H5,"MMM") -> Jan | N5: =Table1[[#This Row],[total sales]]*20% -> 18000
A6: ORD103 | B6: West | C6: Tablet | D6: C103 | E6: iPad Air | F6: Sneha | G6: 3 | H6: 45309 | I6: Pending | J6: =_xlfn.XLOOKUP(E6,'Price List'!$A$1:$A$9,'Price List'!$B$1:$B$9,"no match",0) -> 60000 | K6: =G6*J6 -> 180000 | L6: =IF(AND(K6>100000,I6="Delivered"),"Bonus","No Bonus") -> No Bonus | M6: =TEXT(H6,"MMM") -> Jan | N6: =Table1[[#This Row],[total sales]]*20% -> 36000
A7: ORD123 | B7: West | C7: Tablet | D7: C103 | E7: iPad Air | F7: Sneha | G7: 3 | H7: 45309 | I7: Pending | J7: =_xlfn.XLOOKUP(E7,'Price List'!$A$1:$A$9,'Price List'!$B$1:$B$9,"no match",0) -> 60000 | K7: =G7*J7 -> 180000 | L7: =IF(AND(K7>100000,I7="Delivered"),"Bonus","No Bonus") -> No Bonus | M7: =TEXT(H7,"MMM") -> Jan | N7: =Table1[[#This Row],[total sales]]*20% -> 36000
A8: ORD104 | B8: East | C8: Mobile | D8: C104 | E8: Samsung S23 | F8: Rahul | G8: 2 | H8: 45311 | I8: Delivered | J8: =_xlfn.XLOOKUP(E8,'Price List'!$A$1:$A$9,'Price List'!$B$1:$B$9,"no match",0) -> 65000 | K8: =G8*J8 -> 130000 | L8: =IF(AND(K8>100000,I8="Delivered"),"Bonus","No Bonus") -> Bonus | M8: =TEXT(H8,"MMM") -> Jan | N8: =Table1[[#This Row],[total sales]]*20% -> 26000
A9: ORD124 | B9: East | C9: Mobile | D9: C104 | E9: Samsung S23 | F9: Rahul | G9: 2 | H9: 45311 | I9: Delivered | J9: =_xlfn.XLOOKUP(E9,'Price List'!$A$1:$A$9,'Price List'!$B$1:$B$9,"no match",0) -> 65000 | K9: =G9*J9 -> 130000 | L9: =IF(AND(K9>100000,I9="Delivered"),"Bonus","No Bonus") -> Bonus | M9: =TEXT(H9,"MMM") -> Jan | N9: =Table1[[#This Row],[total sales]]*20% -> 26000
A10: ORD105 | B10: North | C10: Laptop | D10: C105 | E10: HP Spectre | F10: Amit | G10: 1 | H10: 45313 | I10: Cancelled | J10: =_xlfn.XLOOKUP(E10,'Price List'!$A$1:$A$9,'Price List'!$B$1:$B$9,"no match",0) -> 95000 | K10: =G10*J10 -> 95000 | L10: =IF(AND(K10>100000,I10="Delivered"),"Bonus","No Bonus") -> No Bonus | M10: =TEXT(H10,"MMM") -> Jan | N10: =Table1[[#This Row],[total sales]]*20% -> 19000
A11: ORD125 | B11: North | C11: Laptop | D11: C105 | E11: HP Spectre | F11: Amit | G11: 1 | H11: 45313 | I11: Cancelled | J11: =_xlfn.XLOOKUP(E11,'Price List'!$A$1:$A$9,'Price List'!$B$1:$B$9,"no match",0) -> 95000 | K11: =G11*J11 -> 95000 | L11: =IF(AND(K11>100000,I11="Delivered"),"Bonus","No Bonus") -> No Bonus | M11: =TEXT(H11,"MMM") -> Jan | N11: =Table1[[#This Row],[total sales]]*20% -> 19000
A12: ORD106 | B12: South | C12: Mobile | D12: C106 | E12: OnePlus 11 | F12: Sneha | G12: 4 | H12: 45316 | I12: Delivered | J12: =_xlfn.XLOOKUP(E12,'Price List'!$A$1:$A$9,'Price List'!$B$1:$B$9,"no match",0) -> 55000 | K12: =G12*J12 -> 220000 | L12: =IF(AND(K12>100000,I12="Delivered"),"Bonus","No Bonus") -> Bonus | M12: =TEXT(H12,"MMM") -> Jan | N12: =Table1[[#This Row],[total sales]]*20% -> 44000
A13: ORD107 | B13: West | C13: Laptop | D13: C107 | E13: MacBook Air | F13: Rahul | G13: 1 | H13: 45319 | I13: Delivered | J13: =_xlfn.XLOOKUP(E13,'Price List'!$A$1:$A$9,'Price List'!$B$1:$B$9,"no match",0) -> 110000 | K13: =G13*J13 -> 110000 | L13: =IF(AND(K13>100000,I13="Delivered"),"Bonus","No Bonus") -> Bonus | M13: =TEXT(H13,"MMM") -> Jan | N13: =Table1[[#This Row],[total sales]]*20% -> 22000
... A26: ORD120 | B26: East | C26: Laptop | D26: C120 | E26: HP Spectre | F26: Amit | G26: 1 | H26: 45371 | I26: Delivered | J26: =_xlfn.XLOOKUP(E26,'Price List'!$A$1:$A$9,'Price List'!$B$1:$B$9,"no match",0) -> 95000 | K26: =G26*J26 -> 95000 | L26: =IF(AND(K26>100000,I26="Delivered"),"Bonus","No Bonus") -> No Bonus | M26: =TEXT(H26,"MMM") -> Mar | N26: =Table1[[#This Row],[total sales]]*20% -> 19000

Sheet sparklines
A3: Sum of total sales | B3: Column Labels
A4: Row Labels | B4: Jan | C4: Feb | D4: Mar | E4: Grand Total
A5: South | B5: 400000 | C5: 245000 | D5: 100000 | E5: 745000
A6: Grand Total | B6: 400000 | C6: 245000 | D6: 100000 | E6: 745000
A13: Row Labels | B13: Jan | C13: Feb | D13: Mar | E13: trend
A14: East | B14: 260000 | C14: 145000 | D14: 305000
A15: North | B15: 470000 | C15: 190000 | D15: 90000
A16: South | B16: 400000 | C16: 245000 | D16: 100000
A17: West | B17: 470000 | C17: 385000 | D17: 110000

Sheet Price List
A1: Product | B1: Unit_Price
A2: iPhone 13 | B2: 70000
A3: Samsung S23 | B3: 65000
A4: OnePlus 11 | B4: 55000
A5: Dell XPS | B5: 90000
A6: HP Spectre | B6: 95000
A7: MacBook Air | B7: 110000
A8: iPad Air | B8: 60000
A9: Lenovo Tab | B9: 25000

Sheet raw data
A1: data 1
A2: Order_ID,Customer_ID,Product,Salesman,Quantity,Order_Date,Status
A3: ORD101 | B3: North | C3: Mobile,C101,iPhone 13,Rahul,2,12 | D3: 1 | E3: 2024,Delivered
A4: ORD102 | B4: South | C4: Laptop,C102,Dell XPS,Amit,1,15 | D4: 1 | E4: 2024,Delivered
A5: ORD103 | B5: West | C5: Tablet,C103,iPad Air,Sneha,3,18 | D5: 1 | E5: 2024,Pending
A6: ORD104 | B6: East | C6: Mobile,C104,Samsung S23,Rahul,2,20 | D6: 1 | E6: 2024,Delivered
A7: ORD105 | B7: North | C7: Laptop,C105,HP Spectre,Amit,1,22 | D7: 1 | E7: 2024,Cancelled
A8: ORD106 | B8: South | C8: Mobile,C106,OnePlus 11,Sneha,4,25 | D8: 1 | E8: 2024,Delivered
A9: ORD107 | B9: West | C9: Laptop,C107,MacBook Air,Rahul,1,28 | D9: 1 | E9: 2024,Delivered
A10: ORD108 | B10: East | C10: Tablet,C108,Lenovo Tab,Amit,2,01 | D10: 2 | E10: 2024,Pending
A11: ORD109 | B11: North | C11: Mobile,C109,iPhone 13,Sneha,1,05 | D11: 2 | E11: 2024,Delivered
A12: ORD110 | B12: South | C12: Laptop,C110,Dell XPS,Rahul,2,08 | D12: 2 | E12: 2024,Delivered
A13: ORD111 | B13: West | C13: Mobile,C111,OnePlus 11,Amit,3,10 | D13: 2 | E13: 2024,Delivered
A14: ORD112 | B14: East | C14: Laptop,C112,HP Spectre,Sneha,1,14 | D14: 2 | E14: 2024,Delivered
... A27: ORD125 | B27: North | C27: Laptop,C105,HP Spectre,Amit,1,22 | D27: 1 | E27: 2024,Cancelled
A29: data 2
A30: Product,Unit_Price
A31: iPhone 13,70000
A32: Samsung S23,65000
A33: OnePlus 11,55000
A34: Dell XPS,90000
A35: HP Spectre,95000
A36: MacBook Air,110000
A37: iPad Air,60000
A38: Lenovo Tab,25000
